Timestamp_uS,Position,P,I,D,Total_Adjustment,PWM_L,PWM_R
13825252,2610,133,0,356,489,0,255
13828544,2695,120,0,-34,86,114,255
13831844,2612,133,0,33,166,34,255
13835140,2621,131,0,-3,128,72,255
13838448,2706,119,0,-34,85,115,255
13841748,2726,116,0,-8,108,92,255
13845048,2749,112,0,-9,103,97,255
13848352,3093,61,0,-137,-76,255,124
13851660,3144,53,0,-20,33,167,233
13855008,3173,49,0,-11,38,163,237
13858360,3107,58,0,26,84,115,255
13861664,2819,102,0,115,217,0,255
13874912,3248,37,0,-142,-105,255,95
13878220,3340,24,0,-36,-12,212,188
13898076,3111,58,0,-63,-5,204,196
13901384,3276,33,0,-66,-33,232,168
13921200,3442,8,0,-14,-6,205,195
13924492,3513,-1,0,-28,-29,230,170
13944324,3564,-9,0,7,-2,202,198
13947656,3569,-10,0,-2,-12,212,188
13964100,3499,0,0,2,2,198,202
13967396,3525,-3,0,-10,-13,214,186
13987252,3882,-57,0,-32,-89,255,111
13990560,3978,-71,0,-38,-109,255,90
14013700,4455,-143,0,-14,-157,255,43
14017040,4462,-144,0,-2,-146,255,53
14020328,4470,-145,0,-3,-148,255,52
14033600,4462,-144,0,-5,-149,255,51
14036896,4500,-150,0,-15,-165,255,35
14056700,4442,-141,0,2,-139,255,62
14059992,4432,-139,0,4,-135,255,65
14076500,3998,-74,0,66,-8,208,192
14079812,3838,-50,0,64,14,187,213
14102988,3517,-2,0,0,-2,202,198
14106320,3499,0,0,7,7,193,207
14109608,3397,15,0,40,55,144,255
14122816,2512,148,0,146,294,0,255
14126116,2482,152,0,12,164,36,255
14146016,2500,150,0,4,154,46,255
14149300,2482,152,0,7,159,41,255
14152580,2487,151,0,-2,149,51,255
14169100,2462,155,0,0,155,44,255
14172432,2462,155,0,0,155,45,255
14175756,2468,154,0,-2,152,48,255
14188996,2493,151,0,0,151,49,255
14192316,2493,151,0,0,151,49,255
14215588,2846,98,0,-82,16,185,215
14218884,3063,65,0,-86,-21,221,179
14222188,3272,34,0,-83,-49,249,151
14238732,3537,-5,0,-10,-15,215,185
14242064,3579,-11,0,-16,-27,228,172
14245352,3830,-49,0,-100,-149,255,51
14258608,4487,-148,0,-2,-150,255,50
14261944,4488,-148,0,0,-148,255,52
14265232,4481,-147,0,2,-145,255,56
14281820,5206,-255,0,-83,-338,255,0
14285136,5372,-280,0,-66,-346,255,0
14288448,5499,-299,0,-50,-349,255,0
14305020,5505,-300,0,-2,-302,255,0
14308328,5505,-300,0,0,-300,255,0
14311628,5499,-299,0,2,-297,255,0
14328200,5512,-301,0,0,-301,255,0
14331540,5459,-293,0,21,-272,255,0
14334844,5372,-280,0,34,-246,255,0
14351428,4555,-158,0,88,-70,255,130
14354724,4500,-150,0,22,-128,255,72
14358064,4494,-149,0,2,-147,255,54
14371320,4428,-139,0,28,-111,255,90
14374616,4239,-110,0,75,-35,235,165
14377916,4040,-81,0,79,-2,201,199
14394452,3518,-2,0,2,0,200,200
14397788,3428,10,0,36,46,154,246
14401076,3153,52,0,110,162,38,255
14417640,2500,150,0,-5,145,56,255
14420928,2444,158,0,22,180,20,255
14424228,2376,168,0,27,195,5,255
14440824,1505,299,0,7,306,0,255
14444168,1500,300,0,2,302,0,255
14447464,1505,299,0,-2,297,0,255
14460720,1542,293,0,-14,279,0,255
14464028,1524,296,0,7,303,0,255
14467372,1524,296,0,0,296,0,255
14483972,1512,298,0,0,298,0,255
14487252,1511,298,0,0,298,0,255
14490548,1511,298,0,0,298,0,255
14507180,1635,279,0,-34,245,0,255
14510480,1781,257,0,-58,199,1,255
14513788,1960,231,0,-71,160,41,255
14527004,2467,154,0,-7,147,53,255
14530296,2511,148,0,-17,131,70,255
14533584,2487,151,0,9,160,39,255
14553492,3493,1,0,-49,-48,248,152
14556784,3524,-3,0,-12,-15,216,184
14560072,3523,-3,0,0,-3,203,197
14573264,4192,-103,0,-118,-221,255,0
14576580,4449,-142,0,-102,-244,255,0
14579880,4475,-146,0,-10,-156,255,44
14596452,4838,-200,0,-82,-282,255,0
14599776,5170,-250,0,-132,-382,255,0
14603092,5392,-283,0,-88,-371,255,0
14619624,5524,-303,0,-2,-305,255,0
14622928,5505,-300,0,7,-293,255,0
14626236,5472,-295,0,13,-282,255,0
14639472,5535,-305,0,-17,-322,255,0
14642780,5579,-311,0,-17,-328,255,0
14646092,5574,-311,0,2,-309,255,0
14662668,5493,-298,0,28,-270,255,0
14665972,5506,-300,0,-5,-305,255,0
14669280,5530,-304,0,-9,-313,255,0
14685864,5499,-299,0,5,-294,255,0
14689168,5420,-288,0,31,-257,255,0
14692484,5307,-271,0,45,-226,255,0
14712388,4481,-147,0,17,-130,255,71
14715676,4475,-146,0,2,-144,255,57
14728904,3621,-18,0,140,122,78,255
14732212,3557,-8,0,25,17,183,217
14735500,3544,-6,0,5,-1,201,199
14752036,2520,147,0,138,285,0,255
14755340,2505,149,0,6,155,45,255
14758636,2492,151,0,5,156,44,255
14778504,1500,300,0,84,384,0,255
14781804,1517,297,0,-6,291,0,255
14801640,1425,311,0,19,330,0,255
14804948,1358,321,0,26,347,0,255
14824884,1342,323,0,-7,316,0,255
14828204,1368,319,0,-10,309,0,255
14844836,1498,300,0,0,300,0,255
14848184,1487,301,0,4,305,0,255
14868136,1798,255,0,-79,176,24,255
14871444,2025,221,0,-90,131,70,255
14891296,2468,154,0,10,164,36,255
14894640,2540,144,0,-28,116,85,255
14911176,3529,-4,0,-17,-21,221,179
14914468,3511,-1,0,7,6,195,205
14937660,4435,-140,0,-2,-142,255,57
14940960,4435,-140,0,0,-140,255,60
14957456,4452,-142,0,-6,-148,255,51
14960760,4480,-147,0,-11,-158,255,42
14980576,4466,-144,0,-4,-148,255,51
14983880,4465,-144,0,0,-144,255,56
15003716,4446,-141,0,4,-137,255,63
15007024,4412,-136,0,13,-123,255,77
15026872,3512,-1,0,-2,-3,204,196
15030176,3491,1,0,8,9,191,209
15050016,2451,157,0,1,158,42,255
15053320,2445,158,0,2,160,40,255
15069880,1506,299,0,2,301,0,255
15073196,1372,319,0,53,372,0,255
15093136,429,460,0,0,460,0,255
15096436,436,459,0,-2,457,0,255
15112972,297,480,0,34,514,0,255
15116300,215,492,0,32,524,0,255
15139584,53,517,0,0,517,0,255
15142900,51,517,0,0,517,0,255
15146220,0,525,0,20,545,0,255
15159524,51,517,0,1,518,0,255
15162852,51,517,0,0,517,0,255
15182808,167,499,0,-13,486,0,255
15186136,186,497,0,-7,490,0,255
15206012,407,463,0,-10,453,0,255
15209312,422,461,0,-6,455,0,255
15212620,429,460,0,-2,458,0,255
15229136,429,460,0,2,462,0,255
15232436,429,460,0,0,460,0,255
15235728,443,458,0,-5,453,0,255
15248992,443,458,0,2,460,0,255
15252300,436,459,0,2,461,0,255
15272188,696,420,0,-30,390,0,255
15275528,781,407,0,-34,373,0,255
15278864,853,397,0,-28,369,0,255
15295556,1191,346,0,-47,299,0,255
15298900,1295,330,0,-41,289,0,255
15302236,1342,323,0,-18,305,0,255
15315460,1494,300,0,-4,296,0,255
15318760,1537,294,0,-17,277,0,255
15338680,1679,273,0,-35,238,0,255
15341976,1761,260,0,-32,228,0,255
15345324,1931,235,0,-68,167,33,255
15365176,2467,154,0,3,157,42,255
15368480,2467,154,0,0,154,46,255
15371780,2468,154,0,0,154,46,255
15385008,2997,75,0,-167,-92,255,109
15388320,3291,31,0,-117,-86,255,114
15391640,3497,0,0,-82,-82,255,119
15408180,3533,-4,0,-7,-11,212,188
15411492,3530,-4,0,1,-3,203,197
15414800,3539,-5,0,-3,-8,209,191
15431392,4315,-122,0,-27,-149,255,51
15434716,4396,-134,0,-32,-166,255,34
15438040,4429,-139,0,-13,-152,255,48
15454632,4458,-143,0,2,-141,255,59
15457952,4448,-142,0,4,-138,255,62
15461268,4466,-144,0,-7,-151,255,48
15474536,4447,-142,0,-6,-148,255,52
15477860,4421,-138,0,10,-128,255,73
15481176,4425,-138,0,-1,-139,255,60
15497792,3728,-34,0,140,106,94,255
15501112,3593,-13,0,54,41,160,240
15504428,3524,-3,0,27,24,176,224
15517668,3497,0,0,3,3,197,203
15520984,3478,3,0,7,10,190,210
15524296,3377,18,0,40,58,142,255
15544204,2455,156,0,-2,154,46,255
15547520,2453,157,0,0,157,43,255
15550828,2383,167,0,28,195,5,255
15564124,1534,294,0,61,355,0,255
15567440,1483,302,0,20,322,0,255
15570756,1484,302,0,0,302,0,255
15587320,1492,301,0,0,301,0,255
15590644,1483,302,0,3,305,0,255
15593956,1492,301,0,-3,298,0,255
15610544,1491,301,0,6,307,0,255
15613856,1500,300,0,-3,297,0,255
15617180,1482,302,0,7,309,0,255
15633764,1555,291,0,-22,269,0,255
15637080,1664,275,0,-43,232,0,255
15640400,1758,261,0,-37,224,0,255
15657008,2458,156,0,-50,106,94,255
15660316,2450,157,0,3,160,40,255
15663632,2478,153,0,-11,142,58,255
15676892,2913,88,0,-113,-25,225,175
15680220,3256,36,0,-137,-101,255,100
15683548,3381,17,0,-50,-33,232,168
15700128,3724,-33,0,-71,-104,255,96
15703452,4000,-75,0,-110,-185,255,15
15706780,4218,-107,0,-87,-194,255,6
15723388,4483,-147,0,0,-147,255,53
15726704,4574,-161,0,-36,-197,255,3
15730028,4761,-189,0,-74,-263,255,0
15746716,5394,-284,0,-9,-293,255,0
15750056,5462,-294,0,-27,-321,255,0
15753392,5485,-297,0,-9,-306,255,0
15766720,5495,-299,0,-8,-307,255,0
15770048,5485,-297,0,4,-293,255,0
15773380,5484,-297,0,0,-297,255,0
15790024,5485,-297,0,0,-297,255,0
15793360,5485,-297,0,0,-297,255,0
15796680,5439,-290,0,18,-272,255,0
15813344,5000,-225,0,38,-187,255,14
15816672,4896,-209,0,41,-168,255,33
15820012,4654,-173,0,96,-77,255,124
15833300,4451,-142,0,12,-130,255,71
15836620,4372,-130,0,31,-99,255,101
15839944,4339,-125,0,13,-112,255,88
15856576,3495,0,0,8,8,191,209
15859900,3471,4,0,9,13,187,213
15863216,3430,10,0,16,26,174,226
15879848,2398,165,0,22,187,13,255
15883168,2428,160,0,-12,148,52,255
15886500,2352,172,0,30,202,0,255
15906472,1558,291,0,-16,275,0,255
15909788,1517,297,0,16,313,0,255
15923064,1522,296,0,-8,288,0,255
15926384,1515,297,0,2,299,0,255
15929704,1515,297,0,0,297,0,255
15946248,1517,297,0,-2,295,0,255
15949552,1506,299,0,4,303,0,255
15952852,1487,301,0,7,308,0,255
15966068,1528,295,0,-22,273,0,255
15969384,1663,275,0,-54,221,0,255
15972704,1816,252,0,-61,191,9,255
15995892,2470,154,0,19,173,26,255
15999200,2484,152,0,-5,147,54,255
16012460,3506,0,0,-116,-116,255,84
16015764,3513,-1,0,-2,-3,204,196
16019068,3550,-7,0,-14,-21,222,178
16038920,4476,-146,0,-93,-239,255,0
16042232,4471,-145,0,2,-143,255,57
16062092,4833,-199,0,-98,-297,255,0
16065416,4931,-214,0,-39,-253,255,0
16085384,5061,-234,0,0,-234,255,0
16088696,5064,-234,0,-1,-235,255,0
16108560,4435,-140,0,-2,-142,255,58
16111864,4434,-140,0,0,-140,255,61
16131724,3505,0,0,0,0,200,200
16135028,3505,0,0,0,0,200,200
16151540,2474,153,0,52,205,0,255
16154856,2475,153,0,0,153,47,255
16174768,1349,322,0,42,364,0,255
16178084,943,383,0,162,545,0,255
16197980,463,455,0,-2,453,0,255
16201332,429,460,0,13,473,0,255
16221256,0,525,0,0,525,0,255
16224572,0,525,0,0,525,0,255
16241232,0,525,0,0,525,0,255
16244516,0,525,0,0,525,0,255
16264164,0,525,0,0,525,0,255
16267428,0,525,0,0,525,0,255
16286996,0,525,0,0,525,0,255
16290252,0,525,0,0,525,0,255
16332692,0,525,0,0,525,0,255
16335964,0,525,0,0,525,0,255
16339220,0,525,0,0,525,0,255
16352288,0,525,0,0,525,0,255
16355552,0,525,0,0,525,0,255
16378404,0,525,0,0,525,0,255
16381664,0,525,0,0,525,0,255
16384936,0,525,0,0,525,0,255
16401296,0,525,0,0,525,0,255
16404644,0,525,0,0,525,0,255
16407964,0,525,0,0,525,0,255
16421276,0,525,0,0,525,0,255
16424600,0,525,0,0,525,0,255
16427924,0,525,0,0,525,0,255
16444548,113,508,0,-45,463,0,255
16447876,274,483,0,-64,419,0,255
16451204,457,456,0,-73,383,0,255
16467744,500,450,0,0,450,0,255
16471052,500,450,0,0,450,0,255
16474392,500,450,0,0,450,0,255
16491056,1402,314,0,-36,278,0,255
16494364,1452,307,0,-20,287,0,255
16497676,1500,300,0,-19,281,0,255
16510972,2312,178,0,-258,-80,255,121
16514324,2458,156,0,-58,98,103,255
16517672,2482,152,0,-9,143,57,255
16534256,3275,33,0,-262,-229,255,0
16537564,3460,6,0,-74,-68,255,132
16540912,3460,6,0,0,6,194,206
16554120,3657,-23,0,-50,-73,255,126
16557420,3903,-60,0,-98,-158,255,42
16560736,4046,-81,0,-57,-138,255,61
16580700,4233,-109,0,-36,-145,255,54
16584040,4512,-151,0,-111,-262,255,0
16587388,4580,-162,0,-27,-189,255,11
16603928,4487,-148,0,-4,-152,255,48
16607248,4489,-148,0,0,-148,255,51
16610560,4801,-195,0,-124,-319,255,0
16623800,4057,-83,0,23,-60,255,140
16627144,4175,-101,0,-47,-148,255,52
16630484,4298,-119,0,-49,-168,255,32
16647124,4233,-109,0,27,-82,255,118
16650472,4157,-98,0,30,-68,255,132
16653820,3928,-64,0,91,27,173,227
16670432,3462,5,0,-62,-57,255,143
16673728,3500,0,0,-15,-15,215,185
16677064,3352,22,0,59,81,119,255
16693684,2488,151,0,4,155,44,255
16697032,2449,157,0,15,172,27,255
16700332,2443,158,0,2,160,40,255
16713584,1615,282,0,102,384,0,255
16716908,1523,296,0,36,332,0,255
16720216,1517,297,0,2,299,0,255
16736772,1487,301,0,-2,299,0,255
16740088,1423,311,0,25,336,0,255
16743404,1471,304,0,-19,285,0,255
16756688,1450,307,0,0,307,0,255
16760012,1465,305,0,-6,299,0,255
16763332,1493,301,0,-11,290,0,255
16779896,1524,296,0,4,300,0,255
16783208,1529,295,0,-2,293,0,255
16786524,1529,295,0,0,295,0,255
16803120,2320,177,0,-110,67,133,255
16806432,2474,153,0,-61,92,108,255
16809732,2420,162,0,21,183,17,255
16826336,2750,112,0,-77,35,166,234
16829652,2925,86,0,-70,16,184,216
16832968,3363,20,0,-175,-155,255,46
16849552,3628,-19,0,-39,-58,255,142
16852856,3842,-51,0,-85,-136,255,64
16856176,4040,-81,0,-79,-160,255,40
16872712,4500,-150,0,0,-150,255,50
16876040,4512,-151,0,-4,-155,255,44
16879332,4623,-168,0,-44,-212,255,0
16892584,5242,-261,0,-55,-316,255,0
16895896,5348,-277,0,-42,-319,255,0
16899208,5410,-286,0,-24,-310,255,0
16915736,5500,-300,0,0,-300,255,0
16919068,5500,-300,0,0,-300,255,0
16922348,5500,-300,0,0,-300,255,0
16938928,5432,-289,0,19,-270,255,0
16942236,5366,-279,0,26,-253,255,0
16945540,5305,-270,0,24,-246,255,0
16965404,4573,-160,0,73,-87,255,113
16968696,4500,-150,0,29,-121,255,80
16981920,4426,-138,0,29,-109,255,91
16985224,4036,-80,0,156,76,125,255
16988536,4097,-89,0,-24,-113,255,87
17005052,3518,-2,0,7,5,196,204
17008344,3399,15,0,47,62,138,255
17011656,3129,55,0,108,163,37,255
17031572,2392,166,0,40,206,0,255
17034884,2236,189,0,62,251,0,255
17054824,1525,296,0,3,299,0,255
17058136,1506,299,0,7,306,0,255
17078040,1459,306,0,13,319,0,255
17081364,1486,302,0,-10,292,0,255
17097944,1506,299,0,-2,297,0,255
17101264,1512,298,0,-2,296,0,255
17121148,1668,274,0,-50,224,0,255
17124480,1789,256,0,-48,208,0,255
17144372,2478,153,0,8,161,39,255
17147672,2505,149,0,-10,139,62,255
17164232,3505,0,0,-84,-84,255,115
17167536,3530,-4,0,-10,-14,214,186
17187412,4257,-113,0,-120,-233,255,0
17190708,4298,-119,0,-16,-135,255,64
17210588,5083,-237,0,-99,-336,255,0
17213908,5198,-254,0,-46,-300,255,0
17256924,5480,-297,0,-2,-299,255,0
17260228,5478,-296,0,0,-296,255,0
17280076,5177,-251,0,23,-228,255,0
17283392,5094,-239,0,33,-206,255,0
17299944,4481,-147,0,7,-140,255,61
17303240,4487,-148,0,-2,-150,255,50
17323116,3609,-16,0,197,181,19,255
17326432,3667,-25,0,-23,-48,248,152
17346236,3015,72,0,106,178,21,255
17349560,2696,120,0,127,247,0,255
17369412,2145,203,0,25,228,0,255
17372744,1912,238,0,93,331,0,255
17389344,1514,297,0,0,297,0,255
17392668,1506,299,0,3,302,0,255
17412616,1149,352,0,-2,350,0,255
17415952,1167,349,0,-7,342,0,255
17435852,2056,216,0,-165,51,149,251
17439192,1895,240,0,64,304,0,255
17455888,1456,306,0,18,324,0,255
17459188,1577,288,0,-48,240,0,255
17479088,2479,153,0,0,153,48,255
17482388,2484,152,0,-2,150,50,255
17502296,3519,-2,0,-5,-7,208,192
17505596,3541,-6,0,-8,-14,214,186
17525460,4481,-147,0,-60,-207,255,0
17528756,4487,-148,0,-2,-150,255,50
17532060,4527,-154,0,-16,-170,255,30
17548640,5440,-291,0,-18,-309,255,0
17551948,5485,-297,0,-18,-315,255,0
17555256,5485,-297,0,0,-297,255,0
17571800,5519,-302,0,-2,-304,255,0
17575116,5512,-301,0,2,-299,255,0
17578424,5526,-303,0,-5,-308,255,0
17591660,5512,-301,0,-2,-303,255,0
17594968,5505,-300,0,2,-298,255,0
17598276,5505,-300,0,0,-300,255,0
17614784,5463,-294,0,11,-283,255,0
17618096,5478,-296,0,-6,-302,255,0
17621408,5485,-297,0,-2,-299,255,0
17637984,4743,-186,0,74,-112,255,88
17641296,4552,-157,0,76,-81,255,119
17644604,4493,-148,0,23,-125,255,75
17661104,4234,-110,0,71,-39,238,162
17664412,4062,-84,0,68,-16,215,185
17667728,3868,-55,0,77,22,178,222
17680956,3512,-1,0,-5,-6,207,193
17684260,3482,2,0,12,14,186,214
17687576,3284,32,0,79,111,89,255
17704180,2458,156,0,0,156,43,255
17707492,2483,152,0,-10,142,58,255
17710804,2401,164,0,32,196,3,255
17727440,1515,297,0,31,328,0,255
17730764,1500,300,0,6,306,0,255
17734088,1459,306,0,16,322,0,255
17750724,1462,305,0,9,314,0,255
17754044,1442,308,0,8,316,0,255
17757376,1460,306,0,-7,299,0,255
17774000,1492,301,0,-6,295,0,255
17777324,1492,301,0,0,301,0,255
17780636,1485,302,0,2,304,0,255
554049979,1484,-210,30340,271,30401,242,170
17797260,1595,285,0,-10,275,0,255
17800588,1732,265,0,-54,211,0,255
17817200,2429,160,0,-9,151,49,255
17820508,2483,152,0,-21,131,70,255
17823820,2484,152,0,0,152,48,255
17840400,3490,1,0,-66,-65,255,136
17843708,3512,-1,0,-8,-9,210,190
17847012,3520,-3,0,-3,-6,206,194
17863584,4424,-138,0,-48,-186,255,13
17866888,4143,-96,0,112,16,185,215
17870232,4261,-114,0,-47,-161,255,39
17886796,5177,-251,0,-70,-321,255,0
17890112,5375,-281,0,-79,-360,255,0
17893432,5432,-289,0,-22,-311,255,0
17909976,5306,-270,0,74,-196,255,4
17913272,5506,-300,0,-80,-380,255,0
17916576,5512,-301,0,-2,-303,255,0
17929796,5491,-298,0,3,-295,255,0
17933104,5483,-297,0,3,-294,255,0
17936420,5460,-294,0,9,-285,255,0
17952980,5162,-249,0,70,-179,255,21
17956292,5000,-225,0,64,-161,255,40
17959608,4920,-213,0,32,-181,255,19
17972860,4487,-148,0,-6,-154,255,46
17976160,4430,-139,0,22,-117,255,84
17979472,4402,-135,0,11,-124,255,76
17999348,3489,1,0,18,19,180,220
18002656,3441,8,0,19,27,172,228
18005964,3216,42,0,90,132,68,255
18042524,1484,302,0,45,347,0,255
18045848,1500,300,0,-6,294,0,255
18049172,1500,300,0,0,300,0,255
18065792,1428,310,0,4,314,0,255
18069120,1391,316,0,14,330,0,255
18072448,1377,318,0,5,323,0,255
18085784,1296,330,0,-2,328,0,255
18089128,1301,329,0,-2,327,0,255
18092460,1321,326,0,-8,318,0,255
18109116,1456,306,0,-3,303,0,255
18112444,1475,303,0,-7,296,0,255
18115776,1507,298,0,-12,286,0,255
18132408,1591,286,0,-29,257,0,255
18135732,1749,262,0,-63,199,1,255
18139064,1880,243,0,-52,191,10,255
18158988,2466,155,0,3,158,42,255
18162304,2482,152,0,-6,146,54,255
18175596,3290,31,0,-142,-111,255,90
18178920,3465,5,0,-70,-65,255,136
18182240,3513,-1,0,-19,-20,221,179
18198784,4289,-118,0,-115,-233,255,0
18202104,4425,-138,0,-54,-192,255,7
18205408,4459,-143,0,-13,-156,255,43
18225300,5376,-281,0,-85,-366,255,0
18228612,5438,-290,0,-24,-314,255,0
18248456,5529,-304,0,-22,-326,255,0
18251768,5571,-310,0,-16,-326,255,0
18271676,5589,-313,0,11,-302,255,0
18274992,5529,-304,0,24,-280,255,0
18291532,5483,-297,0,-2,-299,255,0
18294848,5468,-295,0,6,-289,255,0
18314744,4694,-179,0,-42,-221,255,0
18318060,4316,-122,0,151,29,172,228
18337924,3692,-28,0,171,143,58,255
18361128,2921,86,0,123,209,0,255
18364472,2757,111,0,65,176,23,255
18384376,2177,198,0,73,271,0,255
18387708,2000,225,0,70,295,0,255
18404384,1532,295,0,10,305,0,255
18407704,1500,300,0,12,312,0,255
18427676,1484,302,0,0,302,0,255
18430996,1848,247,0,-145,102,98,255
18450896,1602,284,0,-21,263,0,255
18454220,1691,271,0,-35,236,0,255
18474232,2314,177,0,-94,83,117,255
18477556,2438,159,0,-49,110,91,255
18494120,2784,107,0,-81,26,175,225
18497436,2919,87,0,-54,33,167,233
18517308,3500,0,0,4,4,196,204
18520636,3500,0,0,0,0,200,200
18540488,3914,-62,0,-50,-112,255,88
18543800,3998,-74,0,-33,-107,255,92
18563660,4361,-129,0,-24,-153,255,47
18566956,4388,-133,0,-10,-143,255,56
18586764,4052,-82,0,48,-34,234,166
18590060,3914,-62,0,55,-7,206,194
18593360,3709,-31,0,82,51,150,250
18606608,3506,0,0,2,2,199,201
18609888,3506,0,0,0,0,200,200
18629724,2562,140,0,167,307,0,255
18633020,2492,151,0,28,179,21,255
18652816,1709,268,0,206,474,0,255
18656120,1493,301,0,86,387,0,255
18659432,1493,301,0,0,301,0,255
18675992,1279,333,0,48,381,0,255
18679304,1038,369,0,96,465,0,255
18682612,782,407,0,102,509,0,255
18695892,415,462,0,27,489,0,255
18699200,414,462,0,0,462,0,255
18719072,415,462,0,-3,459,0,255
18722380,414,462,0,0,462,0,255
18725684,421,461,0,-2,459,0,255
18742248,167,499,0,26,525,0,255
18745572,95,510,0,28,538,0,255
18748900,73,514,0,8,522,0,255
18762196,107,508,0,-42,466,0,255
18765520,121,506,0,-5,501,0,255
18785456,51,517,0,-20,497,0,255
18788780,51,517,0,0,517,0,255
18792096,57,516,0,-2,514,0,255
18808708,0,525,0,0,525,0,255
18812032,0,525,0,0,525,0,255
18815348,0,525,0,0,525,0,255
18831908,0,525,0,0,525,0,255
18835220,0,525,0,0,525,0,255
18838540,0,525,0,0,525,0,255
18855112,0,525,0,0,525,0,255
18858416,0,525,0,0,525,0,255
18861720,0,525,0,0,525,0,255
18874980,53,517,0,-21,496,0,255
18878296,96,510,0,-17,493,0,255
18881620,132,505,0,-14,491,0,255
18898156,443,458,0,-5,453,0,255
18901456,456,456,0,-5,451,0,255
18904752,482,452,0,-10,442,0,255
18921324,476,453,0,-2,451,0,255
18924624,521,446,0,-18,428,0,255
18927968,545,443,0,-9,434,0,255
18944556,1487,301,0,19,320,0,255
18947864,1527,295,0,-16,279,0,255
18951180,1475,303,0,20,323,0,255
18964416,1920,237,0,-132,105,96,255
18967744,2361,170,0,-176,-6,205,195
18971056,2520,147,0,-63,84,117,255
18990908,2985,77,0,-140,-63,255,137
18994244,3400,15,0,-166,-151,255,49
18997556,3533,-4,0,-53,-57,255,142
19014056,3650,-22,0,-17,-39,239,161
19017368,4167,-100,0,-206,-306,255,0
19020692,4377,-131,0,-84,-215,255,0
19033892,4481,-147,0,0,-147,255,53
19037188,4337,-125,0,57,-68,255,133
19040484,4507,-151,0,-68,-219,255,0
19057056,5179,-251,0,-54,-305,255,0
19060380,5224,-258,0,-18,-276,255,0
19063700,5280,-267,0,-22,-289,255,0
19080312,5265,-264,0,6,-258,255,0
19083632,5250,-262,0,6,-256,255,0
19086956,5227,-259,0,9,-250,255,0
19103556,4748,-187,0,52,-135,255,65
19106880,4614,-167,0,53,-114,255,87
19110184,4493,-148,0,48,-100,255,100
19126656,4469,-145,0,4,-141,255,60
19129952,4401,-135,0,27,-108,255,93
19133256,4229,-109,0,68,-41,240,160
19146492,3539,-5,0,14,9,192,208
19149784,3524,-3,0,6,3,198,202
19153136,3512,-1,0,4,3,197,203
19169684,2486,152,0,10,162,38,255
19172984,2499,150,0,-5,145,56,255
19176284,2464,155,0,14,169,31,255
19189540,1617,282,0,77,359,0,255
19192864,1519,297,0,39,336,0,255
19196172,1500,300,0,7,307,0,255
19212740,1456,306,0,3,309,0,255
19216056,1414,312,0,16,328,0,255
19219376,1330,325,0,33,358,0,255
19236036,1086,362,0,8,370,0,255
19239372,1088,361,0,0,361,0,255
19242704,1125,356,0,-14,342,0,255
19259344,1500,300,0,-9,291,0,255
19262664,1493,301,0,2,303,0,255
19265980,1493,301,0,0,301,0,255
19285852,1592,286,0,-26,260,0,255
19289176,1748,262,0,-62,200,0,255
19302448,2472,154,0,-45,109,92,255
19305748,2485,152,0,-5,147,53,255
19309052,2486,152,0,0,152,49,255
19325600,3222,41,0,-136,-95,255,106
19328924,3514,-2,0,-116,-118,255,82
19332236,3520,-3,0,-2,-5,205,195
19352080,4358,-128,0,-108,-236,255,0
19355392,4471,-145,0,-45,-190,255,10
19375248,4898,-209,0,-67,-276,255,0
19378572,5075,-236,0,-70,-306,255,0
19398488,5483,-297,0,-3,-300,255,0
19401812,5498,-299,0,-6,-305,255,0
19418384,5482,-297,0,3,-294,255,0
19421700,5482,-297,0,0,-297,255,0
19441580,5238,-260,0,50,-210,255,0
19444908,5129,-244,0,43,-201,255,0
19464800,4415,-137,0,16,-121,255,80
19468108,4444,-141,0,-11,-152,255,47
19487976,3537,-5,0,-2,-7,207,193
19491320,3446,8,0,36,44,156,244
19507892,2551,142,0,22,164,36,255
19511188,2414,162,0,54,216,0,255
19531060,1481,302,0,2,304,0,255
19534364,1474,303,0,2,305,0,255
19550992,476,453,0,-2,451,0,255
19554296,493,451,0,-6,445,0,255
19574240,186,497,0,52,549,0,255
19577560,115,507,0,28,535,0,255
19597492,0,525,0,0,525,0,255
19600812,0,525,0,0,525,0,255
19620684,0,525,0,0,525,0,255
19624000,0,525,0,0,525,0,255
19643928,115,507,0,-16,491,0,255
19647252,169,499,0,-21,478,0,255
19667108,398,465,0,12,477,0,255
19670408,391,466,0,2,468,0,255
19687020,482,452,0,-2,450,0,255
19690324,494,450,0,-4,446,0,255
19710280,811,403,0,-55,348,0,255
19713616,993,376,0,-72,304,0,255
56148,1183,347,0,-76,271,0,255
19733580,1443,308,0,18,326,0,255
19736880,1470,304,0,-10,294,0,255
19756748,2383,167,0,-84,83,117,255
19760040,2408,163,0,-10,153,47,255
19779868,2518,147,0,-15,132,68,255
19783164,2701,119,0,-73,46,154,246
19786464,3044,68,0,-137,-69,255,132
19802956,3492,1,0,5,6,194,206
19806252,3641,-21,0,-59,-80,255,120
19809596,3633,-19,0,3,-16,216,184
19822816,3660,-24,0,-42,-66,255,134
19826116,3766,-39,0,-42,-81,255,118
19845972,3964,-69,0,28,-41,241,159
19849284,3904,-60,0,24,-36,236,164
19852588,3845,-51,0,23,-28,228,172
19865780,3491,1,0,19,20,180,220
19869080,3498,0,0,-2,-2,202,198
19892188,2912,88,0,30,118,82,255
19895524,2768,109,0,57,166,33,255
19898860,2595,135,0,69,204,0,255
19915424,1898,240,0,72,312,0,255
19918744,1764,260,0,53,313,0,255
19922092,1688,271,0,30,301,0,255
19935344,1445,308,0,-3,305,0,255
19938652,1402,314,0,17,331,0,255
19942004,1372,319,0,12,331,0,255
19958664,1067,364,0,14,378,0,255
19962020,979,378,0,35,413,0,255
19965372,891,391,0,35,426,0,255
19981988,1189,346,0,-33,313,0,255
19985292,1273,334,0,-33,301,0,255
19988608,1334,324,0,-24,300,0,255
20005168,1549,292,0,-5,287,0,255
20008480,1493,301,0,22,323,0,255
20011784,1487,301,0,2,303,0,255
20025028,1500,300,0,-5,295,0,255
20028336,1512,298,0,-4,294,0,255
20031652,1548,292,0,-14,278,0,255
20048204,2478,153,0,-5,148,52,255
20051508,2492,151,0,-5,146,55,255
20054808,2484,152,0,3,155,45,255
20068020,2732,115,0,-75,40,161,239
20071328,3104,59,0,-148,-89,255,111
20074660,3383,17,0,-111,-94,255,106
20091156,3600,-15,0,-21,-36,236,164
20094456,3720,-33,0,-48,-81,255,119
20097764,3895,-59,0,-70,-129,255,71
20114324,4494,-149,0,0,-149,255,51
20117620,4467,-145,0,10,-135,255,66
20120916,4461,-144,0,2,-142,255,59
20137424,4748,-187,0,-21,-208,255,0
20140740,4525,-153,0,89,-64,255,136
20144052,4770,-190,0,-98,-288,255,0
20160644,4595,-164,0,34,-130,255,70
20163948,4535,-155,0,24,-131,255,69
20167244,4494,-149,0,16,-133,255,68
20183808,4500,-150,0,-2,-152,255,48
20187100,4469,-145,0,12,-133,255,68
20190396,4456,-143,0,5,-138,255,62
20206928,3648,-22,0,24,2,198,202
20210228,3636,-20,0,4,-16,215,185
20213524,3564,-9,0,28,19,181,219
20230072,2479,153,0,129,282,0,255
20233380,2475,153,0,1,154,45,255
20236676,2493,151,0,-7,144,57,255
20249928,1911,238,0,160,398,0,255
20253248,1556,291,0,142,433,0,255
20256548,1505,299,0,20,319,0,255
20273164,1487,301,0,5,306,0,255
20276472,1481,302,0,2,304,0,255
20279780,1463,305,0,7,312,0,255
20293044,1213,343,0,26,369,0,255
20296372,1153,352,0,24,376,0,255
20299696,1139,354,0,5,359,0,255
20316336,1332,325,0,-18,307,0,255
20319648,1407,313,0,-30,283,0,255
20322960,1427,310,0,-8,302,0,255
20339580,1475,303,0,10,313,0,255
20342892,1481,302,0,-2,300,0,255
20346248,1517,297,0,-14,283,0,255
20362852,2241,188,0,-102,86,114,255
20366164,2366,170,0,-50,120,80,255
20369476,2409,163,0,-17,146,54,255
20385980,2718,117,0,-77,40,160,240
20389288,3014,72,0,-118,-46,245,155
20392608,3333,25,0,-127,-102,255,98
20405812,3546,-6,0,-11,-17,218,182
20409108,3656,-23,0,-44,-67,255,133
20412412,3861,-54,0,-82,-136,255,64
20428984,4449,-142,0,12,-130,255,71
20432276,4468,-145,0,-7,-152,255,48
20435576,4553,-157,0,-34,-191,255,9
20452152,5525,-303,0,-22,-325,255,0
20455460,5544,-306,0,-7,-313,255,0
20458764,5524,-303,0,8,-295,255,0
20472000,5500,-300,0,2,-298,255,0
20475352,5500,-300,0,0,-300,255,0
20478636,5500,-300,0,0,-300,255,0
20495200,5500,-300,0,0,-300,255,0
20498492,5500,-300,0,0,-300,255,0
20501824,5474,-296,0,10,-286,255,0
20518404,4917,-212,0,84,-128,255,72
20521712,4646,-171,0,108,-63,255,137
20525016,4518,-152,0,51,-101,255,99
20544924,4173,-100,0,82,-18,218,182
20548232,3937,-65,0,94,29,172,228
20568040,3128,55,0,143,198,1,255
20571372,2770,109,0,143,252,0,255
20591200,2199,195,0,82,277,0,255
20594516,1944,233,0,102,335,0,255
20614368,1506,299,0,2,301,0,255
20617680,1500,300,0,2,302,0,255
20634244,1398,315,0,6,321,0,255
20637564,1395,315,0,1,316,0,255
20657480,1480,303,0,-15,288,0,255
20660788,1500,300,0,-8,292,0,255
20680640,1517,297,0,-4,293,0,255
20684004,1538,294,0,-8,286,0,255
20703868,2475,153,0,-13,140,60,255
20707164,2482,152,0,-2,150,51,255
20723676,3228,40,0,-119,-79,255,122
20726996,3505,0,0,-110,-110,255,89
20746888,4300,-120,0,-129,-249,255,0
20750200,4494,-149,0,-77,-226,255,0
20770060,5040,-231,0,-89,-320,255,0
20773376,5338,-275,0,-119,-394,255,0
20789944,5500,-300,0,0,-300,255,0
20793224,5499,-299,0,0,-299,255,0
20816480,5500,-300,0,0,-300,255,0
20819760,5500,-300,0,0,-300,255,0
20839608,6000,-375,0,-44,-419,255,0
20842920,5979,-371,0,8,-363,255,0
20846240,5511,-301,0,187,-114,255,86
20859520,4500,-150,0,0,-150,255,50
20862820,4438,-140,0,24,-116,255,85
20882748,4161,-99,0,12,-87,255,113
20886056,3986,-72,0,70,-2,202,198
20905912,3409,13,0,38,51,148,252
20909248,3407,13,0,0,13,186,214
20912588,3376,18,0,12,30,169,231
20929152,2491,151,0,14,165,34,255
20932452,2499,150,0,-3,147,54,255
20935756,2491,151,0,3,154,46,255
20948952,2463,155,0,0,155,45,255
20952256,2455,156,0,3,159,41,255
20972084,2412,163,0,0,163,38,255
20975372,2428,160,0,-6,154,46,255
20978672,2448,157,0,-8,149,51,255
20995208,2486,152,0,-4,148,53,255
20998504,2486,152,0,0,152,48,255
21001788,2493,151,0,-2,149,52,255
21018308,3446,8,0,-88,-80,255,120
21021608,3512,-1,0,-26,-27,228,172
21024908,3519,-2,0,-2,-4,205,195
21038088,3815,-47,0,-97,-144,255,56
21041408,4042,-81,0,-90,-171,255,28
21044728,4268,-115,0,-90,-205,255,0
21061228,4500,-150,0,-2,-152,255,48
21064528,4468,-145,0,12,-133,255,68
21067832,4480,-147,0,-4,-151,255,49
21084408,5171,-250,0,-42,-292,255,0
21087728,5224,-258,0,-21,-279,255,0
21091052,5259,-263,0,-14,-277,255,0
21107676,5235,-260,0,14,-246,255,0
21111004,5194,-254,0,16,-238,255,0
21114324,5065,-234,0,51,-183,255,17
21127564,4506,-150,0,16,-134,255,66
21130856,4488,-148,0,7,-141,255,59
21134148,4488,-148,0,0,-148,255,52
21153932,4238,-110,0,69,-41,241,159
21157236,4018,-77,0,88,11,190,210
21160548,3666,-24,0,140,116,85,255
21173824,3500,0,0,7,7,193,207
21177100,3505,0,0,-2,-2,202,198
21180392,3427,10,0,31,41,158,242
21196952,2486,152,0,4,156,44,255
21200284,2481,152,0,2,154,46,255
21203624,2492,151,0,-4,147,54,255
21220144,1967,229,0,76,305,0,255
21223468,1804,254,0,65,319,0,255
21226780,1626,281,0,71,352,0,255
21240028,1505,299,0,2,301,0,255
21243380,1511,298,0,-2,296,0,255
21246680,1500,300,0,4,304,0,255
21266552,1658,276,0,-32,244,0,255
21269864,1773,259,0,-46,213,0,255
21273176,1942,233,0,-67,166,34,255
21286416,2505,149,0,-32,117,84,255
21289704,2499,150,0,2,152,48,255
21293000,2486,152,0,5,157,43,255
21309552,2987,76,0,-123,-47,246,154
21312872,3276,33,0,-115,-82,255,118
21316184,3530,-4,0,-101,-105,255,94
65471,3523,-3,30209,-17494,12712,96,15
21336056,4251,-112,0,-126,-238,255,0
21339380,4487,-148,0,-94,-242,255,0
21352604,4543,-156,0,-25,-181,255,19
21355908,4753,-187,0,-84,-271,255,0
21359224,5111,-241,0,-143,-384,255,0
21379108,5512,-301,0,-5,-306,255,0
21382420,5526,-303,0,-5,-308,255,0
21385728,5499,-299,0,10,-289,255,0
21398972,5499,-299,0,-2,-301,255,0
21402280,5499,-299,0,0,-299,255,0
21405580,5499,-299,0,0,-299,255,0
21422112,5512,-301,0,-8,-309,255,0
21425420,5536,-305,0,-9,-314,255,0
21428724,5518,-302,0,7,-295,255,0
21441976,5152,-247,0,73,-174,255,26
21445292,4906,-210,0,98,-112,255,88
21448608,4662,-174,0,97,-77,255,124
21465112,4435,-140,0,30,-110,255,91
21468412,4384,-132,0,20,-112,255,88
21471716,4178,-101,0,82,-19,219,181
21488236,3536,-5,0,0,-5,205,195
21491520,3477,3,0,23,26,173,227
21494824,3271,34,0,82,116,84,255
21511408,2493,151,0,2,153,47,255
21514704,2451,157,0,16,173,26,255
21518000,2382,167,0,27,194,5,255
21537876,1506,299,0,0,299,0,255
21541176,1500,300,0,2,302,0,255
21561040,1453,307,0,11,318,0,255
21564348,1427,310,0,10,320,0,255
21577580,1487,301,0,-2,299,0,255
21580896,1524,296,0,-14,282,0,255
21584200,1524,296,0,0,296,0,255
21604096,1647,277,0,-33,244,0,255
21607408,1790,256,0,-57,199,1,255
21627252,2523,146,0,-14,132,69,255
21630544,2485,152,0,15,167,33,255
21650384,3558,-8,0,-11,-19,220,180
21653684,3564,-9,0,-2,-11,212,188
21670236,4494,-149,0,-44,-193,255,7
21673532,4493,-148,0,0,-148,255,52
21693400,5476,-296,0,-88,-384,255,0
21696716,5484,-297,0,-3,-300,255,0
21709964,5519,-302,0,7,-295,255,0
21713276,5505,-300,0,5,-295,255,0
21716588,5506,-300,0,0,-300,255,0
21736520,5588,-313,0,2,-311,255,0
21739844,5585,-312,0,1,-311,255,0
21759748,5506,-300,0,8,-292,255,0
21763060,5532,-304,0,-10,-314,255,0
21782952,5000,-225,0,64,-161,255,39
21786268,4694,-179,0,122,-57,255,144
21806104,4266,-114,0,76,-38,238,162
21809416,4089,-88,0,70,-18,217,183
21829252,3408,13,0,51,64,135,255
21832556,3191,46,0,86,132,67,255
21849076,2475,153,0,0,153,47,255
21852368,2446,158,0,11,169,31,255
21872268,1517,297,0,-6,291,0,255
21875568,1493,301,0,9,310,0,255
21895432,1325,326,0,25,351,0,255
21898748,1241,338,0,33,371,0,255
21918732,1220,342,0,-10,332,0,255
21922056,1268,334,0,-19,315,0,255
21941956,1442,308,0,2,310,0,255
21945272,1442,308,0,0,308,0,255
21965124,1468,304,0,2,306,0,255
21968428,1473,304,0,-2,302,0,255
21971732,1492,301,0,-7,294,0,255
21988288,2181,197,0,-128,69,131,255
21991604,2291,181,0,-44,137,63,255
21994908,2381,167,0,-36,131,69,255
22008148,2452,157,0,-3,154,47,255
22011460,2440,159,0,4,163,37,255
22031296,2958,81,0,-123,-42,242,158
22034620,3272,34,0,-125,-91,255,109
22037936,3388,16,0,-46,-30,229,171
22051144,3498,0,0,2,2,197,203
22054444,3493,1,0,2,3,197,203
22074232,3537,-5,0,-6,-11,212,188
22077540,3529,-4,0,3,-1,201,199
22100664,3540,-6,0,-11,-17,217,183
22103960,3553,-7,0,-5,-12,213,187
22107264,3539,-5,0,5,0,200,200
22120444,3505,0,0,2,2,198,202
22123740,3518,-2,0,-5,-7,207,193
22127036,3518,-2,0,0,-2,202,198
22143516,3513,-1,0,-2,-3,204,196
22146816,3505,0,0,3,3,198,202
22150116,3506,0,0,0,0,201,199
22166624,2564,140,0,91,231,0,255
22169924,2465,155,0,39,194,6,255
22173216,2464,155,0,0,155,45,255
22189732,2034,219,0,91,310,0,255
22193068,1795,255,0,95,350,0,255
22196408,1634,279,0,64,343,0,255
22212956,946,383,0,26,409,0,255
22216284,910,388,0,14,402,0,255
22219612,769,409,0,56,465,0,255
22232992,544,443,0,30,473,0,255
22236340,539,444,0,2,446,0,255
22239692,497,450,0,16,466,0,255
22256264,192,496,0,8,504,0,255
22259588,173,499,0,7,506,0,255
22262920,141,503,0,12,515,0,255
22279576,247,487,0,2,489,0,255
22282920,320,477,0,-29,448,0,255
22286216,446,458,0,-50,408,0,255
22302564,0,525,0,0,525,0,255
22305820,0,525,0,0,525,0,255
22309072,0,525,0,0,525,0,255
22325332,0,525,0,0,525,0,255
22328580,0,525,0,0,525,0,255
22331828,0,525,0,0,525,0,255
22348224,980,378,0,-196,182,19,255
22351560,326,476,0,261,737,0,255
22354896,231,490,0,38,528,0,255
22368236,169,499,0,20,519,0,255
22371572,152,502,0,6,508,0,255
22374896,146,503,0,2,505,0,255
22391496,146,503,0,-2,501,0,255
22394816,141,503,0,2,505,0,255
22398144,160,501,0,-7,494,0,255
22414712,447,457,0,-33,424,0,255
22418008,471,454,0,-9,445,0,255
22421308,475,453,0,-1,452,0,255
22437852,757,411,0,-76,335,0,255
22441180,1112,358,0,-142,216,0,255
22444512,1344,323,0,-92,231,0,255
22457788,1492,301,0,-6,295,0,255
22461104,1500,300,0,-3,297,0,255
22464424,1663,275,0,-65,210,0,255
22481024,2479,153,0,-6,147,54,255
22484340,2461,155,0,7,162,37,255
22487652,2525,146,0,-25,121,80,255
22504260,3523,-3,0,-6,-9,210,190
22507576,3524,-3,0,0,-3,204,196
22510888,3595,-14,0,-28,-42,242,158
22524200,4454,-143,0,-42,-185,255,15
22527516,4456,-143,0,0,-143,255,56
22530828,4484,-147,0,-11,-158,255,42
22547484,5385,-282,0,-75,-357,255,0
22550816,5427,-289,0,-16,-305,255,0
22554148,5475,-296,0,-19,-315,255,0
22570792,5485,-297,0,0,-297,255,0
22574116,5496,-299,0,-4,-303,255,0
22577444,5486,-297,0,4,-293,255,0
22590768,5475,-296,0,4,-292,255,0
22594100,5484,-297,0,-3,-300,255,0
22597432,5495,-299,0,-4,-303,255,0
22614080,5461,-294,0,9,-285,255,0
22617412,5354,-278,0,42,-236,255,0
22620748,5394,-284,0,-16,-300,255,0
22637408,4483,-147,0,26,-121,255,79
22640732,4483,-147,0,0,-147,255,53
22644044,4482,-147,0,0,-147,255,54
22663988,3526,-3,0,14,11,190,210
22667308,3526,-3,0,0,-3,203,197
22687216,2478,153,0,3,156,44,255
22690524,2466,155,0,4,159,41,255
22703820,1887,241,0,94,335,0,255
22707152,1654,276,0,93,369,0,255
22710484,1509,298,0,58,356,0,255
22730400,1422,311,0,20,331,0,255
22733712,1336,324,0,34,358,0,255
22753656,1321,326,0,6,332,0,255
22756988,1321,326,0,0,326,0,255
22770268,1491,301,0,-3,298,0,255
22773580,1500,300,0,-3,297,0,255
22776896,1491,301,0,3,304,0,255
22796816,2092,211,0,-67,144,57,255
22800140,2393,166,0,-120,46,155,245
22820040,2839,99,0,-94,5,196,204
22823364,3000,75,0,-64,11,190,210
22836656,3528,-4,0,-9,-13,213,187
22839972,3651,-22,0,-49,-71,255,129
22843296,4000,-75,0,-139,-214,255,0
22866576,4894,-209,0,-122,-331,255,0
22869916,5154,-248,0,-104,-352,255,0
22886552,5514,-302,0,0,-302,255,0
22889860,5505,-300,0,3,-297,255,0
22909748,5592,-313,0,-14,-327,255,0
22913080,5618,-317,0,-10,-327,255,0
22933044,5474,-296,0,6,-290,255,0
22936360,5483,-297,0,-3,-300,255,0
22956244,5458,-293,0,1,-292,255,0
22959564,5253,-262,0,82,-180,255,20
22979420,4442,-141,0,25,-116,255,85
22982732,4431,-139,0,4,-135,255,65
22999296,3539,-5,0,-19,-24,225,175
23002592,3474,3,0,26,29,171,229
23022488,2506,149,0,-15,134,67,255
23025808,2222,191,0,113,304,0,255
23045712,1317,327,0,37,364,0,255
23049028,849,397,0,187,584,0,255
23065584,503,449,0,0,449,0,255
23068892,497,450,0,2,452,0,255
23092100,232,490,0,6,496,0,255
23095432,190,496,0,16,512,0,255
23098752,146,503,0,17,520,0,255
23112032,0,525,0,0,525,0,255
23115344,0,525,0,0,525,0,255
23135216,0,525,0,72,597,0,255
23138540,0,525,0,0,525,0,255
23155152,344,473,0,-108,365,0,255
23158476,169,499,0,70,569,0,255
23181676,450,457,0,57,514,0,255
23184976,444,458,0,2,460,0,255
23188288,464,455,0,-8,447,0,255
23201560,471,454,0,0,454,0,255
23204876,505,449,0,-13,436,0,255
23224888,1052,367,0,-4,363,0,255
23228212,1181,347,0,-51,296,0,255
23231560,1280,333,0,-39,294,0,255
23244872,1439,309,0,-12,297,0,255
23248180,1436,309,0,1,310,0,255
23271460,2050,217,0,-39,178,23,255
23274756,2006,224,0,17,241,0,255
23278068,2118,207,0,-44,163,38,255
23294712,2490,151,0,-27,124,77,255
23298056,2507,148,0,-6,142,58,255
23301400,2491,151,0,6,157,43,255
23314740,2892,91,0,-96,-5,204,196
23318056,2987,76,0,-38,38,162,238
23321356,2976,78,0,4,82,117,255
23337992,3188,46,0,-22,24,176,224
23341328,3134,54,0,21,75,124,255
23344660,3140,54,0,-2,52,149,251
23361304,3322,26,0,47,73,127,255
23364592,3260,36,0,24,60,140,255
23367936,3332,25,0,-28,-3,203,197
23384620,3155,51,0,41,92,108,255
23387952,3252,37,0,-38,-1,201,199
23391288,3086,62,0,66,128,72,255
23404580,2561,140,0,45,185,14,255
23407916,2550,142,0,4,146,54,255
23411256,2500,150,0,20,170,30,255
23427780,2456,156,0,17,173,26,255
23431076,2456,156,0,0,156,44,255
23434372,2469,154,0,-5,149,51,255
23447560,2487,151,0,2,153,46,255
23450908,2487,151,0,0,151,49,255
23454244,2475,153,0,4,157,42,255
23470784,2476,153,0,0,153,47,255
23474080,2462,155,0,5,160,39,255
23477388,2449,157,0,5,162,38,255
23493920,2500,150,0,0,150,50,255
23497252,2500,150,0,0,150,50,255
23500532,2500,150,0,0,150,50,255
23517084,3086,62,0,-93,-31,231,169
23520400,3329,25,0,-97,-72,255,129
23523700,3453,7,0,-49,-42,242,158
23540284,3505,0,0,-4,-4,205,195
23543576,3500,0,0,2,2,198,202
23546856,3471,4,0,11,15,185,215
23560108,3859,-53,0,-33,-86,255,113
23563428,4018,-77,0,-63,-140,255,59
23566744,4118,-92,0,-40,-132,255,68
23586636,4500,-150,0,-27,-177,255,23
23589932,4500,-150,0,0,-150,255,50
23593256,4493,-148,0,2,-146,255,54
23606480,4250,-112,0,44,-68,255,132
23609788,4082,-87,0,67,-20,220,180
23613100,3999,-74,0,33,-41,241,159
23629676,3500,0,0,6,6,194,206
23632960,3360,21,0,56,77,123,255
23636300,3492,1,0,-52,-51,251,149
23652820,2529,145,0,84,229,0,255
23656116,2500,150,0,11,161,39,255
23659412,2493,151,0,2,153,47,255
23675976,2352,172,0,33,205,0,255
23679284,2175,198,0,70,268,0,255
23682608,1884,242,0,116,358,0,255
23699220,1548,292,0,6,298,0,255
23702540,1549,292,0,0,292,0,255
23705848,1549,292,0,0,292,0,255
23719100,1604,284,0,-7,277,0,255
23722420,1646,278,0,-16,262,0,255
23725748,1732,265,0,-34,231,0,255
23742384,2309,178,0,-45,133,67,255
23745700,2403,164,0,-37,127,74,255
23749008,2480,153,0,-30,123,78,255
23765544,2539,144,0,-13,131,70,255
23768852,2667,124,0,-51,73,127,255
23772176,2874,93,0,-82,11,189,211
23785424,3524,-3,0,-10,-13,213,187
23788724,3517,-2,0,2,0,200,200
23792012,3543,-6,0,-10,-16,216,184
23808556,4124,-93,0,50,-43,242,158
23811852,4141,-96,0,-6,-102,255,98
23815200,4367,-130,0,-90,-220,255,0
65352,4500,-150,0,-17494,-17644,124,18
23835088,4853,-202,0,-48,-250,255,0
23838404,4913,-211,0,-24,-235,255,0
23851684,5130,-244,0,-9,-253,255,0
23855000,5127,-244,0,1,-243,255,0
23858328,5125,-243,0,0,-243,255,0
23874912,4871,-205,0,18,-187,255,13
23878224,4769,-190,0,40,-150,255,51
23881532,4646,-171,0,49,-122,255,78
23898028,4493,-148,0,2,-146,255,54
23901376,4481,-147,0,4,-143,255,58
23904716,4413,-136,0,27,-109,255,91
23924556,3543,-6,0,14,8,193,207
23927856,3536,-5,0,2,-3,202,198
23947740,2558,141,0,115,256,0,255
23951048,2499,150,0,23,173,27,255
23964256,2416,162,0,16,178,21,255
23967564,2267,184,0,59,243,0,255
23970888,2128,205,0,55,260,0,255
23990792,1518,297,0,2,299,0,255
23994104,1513,298,0,2,300,0,255
24014016,1520,297,0,0,297,0,255
24017320,1527,295,0,-2,293,0,255
24037264,2034,219,0,-59,160,40,255
24040596,2219,192,0,-74,118,82,255
24060456,2476,153,0,3,156,44,255
24063764,2554,141,0,-31,110,90,255
24080356,3532,-4,0,-16,-20,221,179
24083656,3539,-5,0,-2,-7,208,192
24103512,4487,-148,0,-50,-198,255,2
24106804,4481,-147,0,2,-145,255,56
24126660,5114,-242,0,-74,-316,255,0
24129980,5275,-266,0,-64,-330,255,0
24149836,5471,-295,0,2,-293,255,0
24153152,5472,-295,0,0,-295,255,0
24172984,5374,-281,0,19,-262,255,0
24176296,5293,-268,0,32,-236,255,0
24192868,4787,-193,0,19,-174,255,27
24196168,4323,-123,0,185,62,138,255
24216228,3585,-12,0,150,138,63,255
24219536,3486,2,0,39,41,159,241
24236112,3476,3,0,25,28,171,229
24239412,3330,25,0,58,83,117,255
24262608,2484,152,0,3,155,45,255
24265920,2455,156,0,11,167,32,255
24282508,2033,220,0,57,277,0,255
24285840,1939,234,0,37,271,0,255
24305840,1915,237,0,-10,227,0,255
24309168,1941,233,0,-10,223,0,255
24329120,2421,161,0,-16,145,55,255
24332436,2428,160,0,-2,158,42,255
24352296,2686,122,0,-63,59,142,255
24355616,2880,93,0,-77,16,185,215
24358948,3137,54,0,-102,-48,248,152
24375488,3553,-7,0,-8,-15,216,184
24378784,3689,-28,0,-54,-82,255,118
24382092,3912,-61,0,-89,-150,255,49
24395340,4474,-146,0,-8,-154,255,46
24398636,4500,-150,0,-10,-160,255,40
24418512,5305,-270,0,-66,-336,255,0
24421832,5426,-288,0,-48,-336,255,0
24425144,5485,-297,0,-23,-320,255,0
24441692,5476,-296,0,-2,-298,255,0
24445012,5475,-296,0,0,-296,255,0
24448324,5483,-297,0,-3,-300,255,0
24461584,5505,-300,0,-5,-305,255,0
24464892,5461,-294,0,17,-277,255,0
24488124,4578,-161,0,85,-76,255,124
24491428,4486,-147,0,36,-111,255,89
24494728,4455,-143,0,12,-131,255,70
24507952,4196,-104,0,75,-29,228,172
24511264,4000,-75,0,78,3,197,203
24514592,3724,-33,0,110,77,124,255
24531144,3240,39,0,86,125,75,255
24534464,2935,84,0,122,206,0,255
24537796,2620,132,0,126,258,0,255
24551024,2427,160,0,14,174,25,255
24554336,2357,171,0,28,199,1,255
24557664,2145,203,0,84,287,0,255
24577628,1478,303,0,0,303,0,255
24580944,1485,302,0,-2,300,0,255
24584272,1492,301,0,-2,299,0,255
24600860,1500,300,0,0,300,0,255
24604168,1492,301,0,3,304,0,255
24607484,1492,301,0,0,301,0,255
24620744,1500,300,0,-6,294,0,255
24624072,1552,292,0,-20,272,0,255
24627404,1732,265,0,-72,193,7,255
24644024,2415,162,0,-34,128,72,255
24647336,2435,159,0,-8,151,49,255
24650648,2483,152,0,-19,133,67,255
24663900,2927,85,0,-71,14,186,214
24667236,3203,44,0,-110,-66,255,135
24670560,3465,5,0,-104,-99,255,101
24690428,4107,-91,0,-69,-160,255,40
24693748,4369,-130,0,-104,-234,255,0
24697064,4432,-139,0,-25,-164,255,35
24710292,4713,-181,0,-73,-254,255,0
24713608,4921,-213,0,-83,-296,255,0
24716936,5000,-225,0,-31,-256,255,0
24733520,5466,-294,0,-6,-300,255,0
24736840,5483,-297,0,-6,-303,255,0
24740152,5498,-299,0,-6,-305,255,0
24779832,5430,-289,0,11,-278,255,0
24783140,5361,-279,0,27,-252,255,0
24786456,5241,-261,0,48,-213,255,0
24803052,4528,-154,0,94,-60,255,141
24806360,4471,-145,0,22,-123,255,78
24809668,4471,-145,0,0,-145,255,55
24822876,4166,-99,0,81,-18,218,182
24826188,4000,-75,0,66,-9,208,192
24829504,3814,-47,0,74,27,173,227
24846056,3324,26,0,59,85,115,255
24849376,3000,75,0,129,204,0,255
24852712,2853,97,0,58,155,45,255
24869308,2404,164,0,16,180,20,255
24872628,2282,182,0,48,230,0,255
24875956,2075,213,0,82,295,0,255
24892636,1500,300,0,3,303,0,255
24895964,1500,300,0,0,300,0,255
24899280,1483,302,0,6,308,0,255
24912584,1476,303,0,3,306,0,255
24915916,1483,302,0,-2,300,0,255
24919252,1482,302,0,0,302,0,255
24935896,1500,300,0,-3,297,0,255
24939228,1589,286,0,-35,251,0,255
24942556,1734,264,0,-58,206,0,255
24959224,2372,169,0,-67,102,99,255
24962540,2405,164,0,-13,151,49,255
24965856,2466,155,0,-24,131,70,255
24979136,2867,94,0,-91,3,197,203
24982468,3000,75,0,-53,22,179,221
24985800,3278,33,0,-111,-78,255,123
25002364,3778,-41,0,-81,-122,255,77
25005684,4000,-75,0,-88,-163,255,37
25009008,4133,-94,0,-53,-147,255,52
25025556,4329,-124,0,-48,-172,255,28
25028868,4781,-192,0,-180,-372,255,0
25032192,5000,-225,0,-87,-312,255,0
25052100,5491,-298,0,-6,-304,255,0
25055412,5182,-252,0,123,-129,255,72
25075240,5172,-250,0,2,-248,255,0
25078548,4998,-224,0,69,-155,255,45
25091764,5411,-286,0,16,-270,255,0
25095076,5371,-280,0,16,-264,255,0
25098396,5274,-266,0,38,-228,255,0
25118292,4493,-148,0,43,-105,255,95
25121596,4455,-143,0,15,-128,255,72
25141460,3852,-52,0,59,7,194,206
25144776,3609,-16,0,97,81,120,255
25158000,3377,18,0,57,75,124,255
25161316,3135,54,0,96,150,49,255
25164640,2897,90,0,95,185,15,255
25184568,2269,184,0,69,253,0,255
25187892,2000,225,0,107,332,0,255
25207876,1456,306,0,11,317,0,255
25211204,1446,308,0,4,312,0,255
25231204,1381,317,0,24,341,0,255
25234540,1383,317,0,0,317,0,255
25254496,1451,307,0,7,314,0,255
25257816,1366,320,0,34,354,0,255
25274432,1511,298,0,2,300,0,255
25277740,1481,302,0,12,314,0,255
25297636,1481,302,0,9,311,0,255
25300944,1500,300,0,-7,293,0,255
25317532,2051,217,0,-87,130,71,255
25320836,2278,183,0,-90,93,108,255
25343992,2500,150,0,0,150,50,255
25347320,2500,150,0,0,150,50,255
25367120,3477,3,0,-39,-36,235,165
25370404,3517,-2,0,-16,-18,218,182
25386924,3506,0,0,0,0,201,199
25390228,3505,0,0,0,0,200,200
25410028,3619,-17,0,-3,-20,221,179
25413332,3612,-16,0,2,-14,214,186
25433168,3541,-6,0,4,-2,202,198
25436464,3527,-4,0,5,1,199,201
25452956,3498,0,0,0,0,200,200
25456244,3465,5,0,13,18,182,218
25479372,2440,159,0,2,161,39,255
25482680,2254,186,0,74,260,0,255
25485988,1928,235,0,130,365,0,255
25499320,911,388,0,104,492,0,255
25502656,905,389,0,2,391,0,255
25522556,399,465,0,9,474,0,255
25525864,347,472,0,20,492,0,255
25545812,0,525,0,0,525,0,255
25549148,0,525,0,0,525,0,255
25552404,0,525,0,0,525,0,255
25568688,0,525,0,0,525,0,255
25571932,0,525,0,0,525,0,255
25575176,0,525,0,0,525,0,255
25588192,0,525,0,0,525,0,255
25591448,0,525,0,0,525,0,255
25614256,0,525,0,0,525,0,255
25617516,0,525,0,0,525,0,255
25620776,0,525,0,0,525,0,255
25633812,0,525,0,0,525,0,255
25637068,0,525,0,0,525,0,255
25640328,0,525,0,0,525,0,255
25656612,0,525,0,0,525,0,255
25659868,0,525,0,0,525,0,255
25663124,0,525,0,0,525,0,255
25679412,0,525,0,0,525,0,255
25682664,0,525,0,0,525,0,255
25685920,0,525,0,0,525,0,255
25702200,0,525,0,0,525,0,255
25705460,0,525,0,0,525,0,255
25708724,0,525,0,0,525,0,255
25725264,0,525,0,0,525,0,255
25728580,0,525,0,0,525,0,255
25731892,0,525,0,0,525,0,255
25748476,470,454,0,-2,452,0,255
25751788,470,454,0,0,454,0,255
25755084,470,454,0,0,454,0,255
25768352,1479,303,0,-112,191,10,255
25771660,1493,301,0,-5,296,0,255
25774972,1486,302,0,2,304,0,255
25791560,2471,154,0,-70,84,117,255
25794860,2485,152,0,-5,147,54,255
25798160,2478,153,0,2,155,44,255
25814712,3534,-5,0,4,-1,200,200
25818012,3526,-3,0,3,0,200,200
25821316,3673,-25,0,-58,-83,255,116
25837868,4481,-147,0,2,-145,255,56
25841164,4619,-167,0,-55,-222,255,0
25844472,4858,-203,0,-95,-298,255,0
25857736,5486,-297,0,2,-295,255,0
25861048,5512,-301,0,-10,-311,255,0
25864356,5512,-301,0,0,-301,255,0
25880920,5943,-366,0,-35,-401,255,0
25884240,6092,-388,0,-59,-447,255,0
25887564,6190,-403,0,-39,-442,255,0
25904156,6354,-428,0,-2,-430,255,0
25907472,6331,-424,0,9,-415,255,0
25910788,6294,-419,0,14,-405,255,0
25927400,5937,-365,0,29,-336,255,0
25930724,5829,-349,0,43,-306,255,0
25934052,5680,-327,0,59,-268,255,0
25947288,5499,-299,0,0,-299,255,0
25950580,5486,-297,0,5,-292,255,0
25953888,5472,-295,0,5,-290,255,0
25970456,4713,-181,0,114,-67,255,133
25973780,4500,-150,0,85,-65,255,136
25977076,4480,-147,0,8,-139,255,61
25993584,3871,-55,0,106,51,150,250
25996900,3560,-9,0,124,115,85,255
26000208,3505,0,0,22,22,179,221
26016760,2530,145,0,150,295,0,255
26020080,2478,153,0,20,173,26,255
26023380,2471,154,0,2,156,43,255
26043264,1514,297,0,2,299,0,255
26046588,1493,301,0,8,309,0,255
26059844,1188,346,0,95,441,0,255
26063172,1062,365,0,50,415,0,255
26066504,897,390,0,66,456,0,255
26083128,478,453,0,3,456,0,255
26086456,479,453,0,0,453,0,255
26089772,465,455,0,5,460,0,255
26103036,533,445,0,-21,424,0,255
26106356,591,436,0,-23,413,0,255
26109680,701,419,0,-44,375,0,255
26126364,1367,319,0,-40,279,0,255
26129688,1468,304,0,-40,264,0,255
26133008,1500,300,0,-12,288,0,255
26156252,2098,210,0,-106,104,97,255
26159576,2292,181,0,-77,104,97,255
26176128,2646,128,0,-65,63,138,255
26179448,2891,91,0,-98,-7,206,194
26199348,3711,-31,0,-69,-100,255,100
26202664,4000,-75,0,-115,-190,255,10
26222528,4444,-141,0,-2,-143,255,57
26225848,4669,-175,0,-90,-265,255,0
26245832,5543,-306,0,4,-302,255,0
26249148,5499,-299,0,17,-282,255,0
26265704,5474,-296,0,4,-292,255,0
26269008,5518,-302,0,-17,-319,255,0
26288872,4697,-179,0,128,-51,251,149
26292180,4494,-149,0,81,-68,255,133
26312020,4218,-107,0,80,-27,227,173
26315332,3573,-10,0,258,248,0,255
26335152,2513,148,0,274,422,0,255
26338464,2492,151,0,8,159,41,255
26358292,1519,297,0,20,317,0,255
26361588,1520,297,0,0,297,0,255
26378176,457,456,0,-11,445,0,255
26381484,463,455,0,-2,453,0,255
26401404,57,516,0,30,546,0,255
26404732,0,525,0,22,547,0,255
26424640,0,525,0,0,525,0,255
26427952,0,525,0,0,525,0,255
26447808,0,525,0,0,525,0,255
26451096,0,525,0,0,525,0,255
26467368,0,525,0,0,525,0,255
26470620,0,525,0,0,525,0,255
26493428,0,525,0,0,525,0,255
26496712,0,525,0,0,525,0,255
26499996,0,525,0,0,525,0,255
26513304,0,525,0,0,525,0,255
26516628,0,525,0,0,525,0,255
26536512,0,525,0,148,673,0,255
26539828,287,481,0,-114,367,0,255
26543152,278,483,0,3,486,0,255
26559736,49,517,0,83,600,0,255
26563048,71,514,0,-8,506,0,255
26566364,113,508,0,-16,492,0,255
26579612,485,452,0,37,489,0,255
26582912,505,449,0,-8,441,0,255
26606036,436,459,0,50,509,0,255
26609324,437,459,0,0,459,0,255
26612628,436,459,0,0,459,0,255
26625832,471,454,0,-2,452,0,255
26629148,524,446,0,-21,425,0,255
26632448,586,437,0,-24,413,0,255
26649132,884,392,0,0,392,0,255
26652452,939,384,0,-22,362,0,255
26655788,1069,364,0,-52,312,0,255
26669076,1450,307,0,-13,294,0,255
26672380,1488,301,0,-15,286,0,255
26675732,1481,302,0,2,304,0,255
26695632,1962,230,0,-84,146,55,255
26698972,2180,198,0,-87,111,90,255
26702264,2363,170,0,-73,97,103,255
26715452,2486,152,0,0,152,48,255
26718728,2492,151,0,-2,149,52,255
26722028,2492,151,0,0,151,49,255
26738540,3557,-8,0,-41,-49,250,150
26741844,3532,-4,0,10,6,195,205
26745136,3525,-3,0,2,-1,200,200
26758336,3639,-20,0,-59,-79,255,120
26761644,3937,-65,0,-119,-184,255,16
26764964,4150,-97,0,-85,-182,255,18
26784832,4480,-147,0,-5,-152,255,48
26788132,4474,-146,0,2,-144,255,57
26791432,4480,-147,0,-2,-149,255,51
26807952,4554,-158,0,0,-158,255,42
26811260,4508,-151,0,18,-133,255,68
26814568,4493,-148,0,6,-142,255,58
26831072,4426,-138,0,8,-130,255,70
26834372,4441,-141,0,-6,-147,255,53
26837680,4366,-129,0,30,-99,255,101
26850940,3571,-10,0,86,76,125,255
26854244,3541,-6,0,12,6,195,205
26857548,3483,2,0,23,25,175,225
26874064,3058,66,0,119,185,15,255
26877384,2655,126,0,161,287,0,255
26880704,2505,149,0,60,209,0,255
26893908,2477,153,0,0,153,47,255
26897212,2360,171,0,46,217,0,255
26900528,2209,193,0,60,253,0,255
26917124,1486,302,0,10,312,0,255
26920432,1468,304,0,7,311,0,255
26923740,1476,303,0,-3,300,0,255
26940316,1500,300,0,12,312,0,255
26943620,1487,301,0,5,306,0,255
26946928,1500,300,0,-5,295,0,255
26963460,1692,271,0,-42,229,0,255
26966776,1801,254,0,-43,211,0,255
26970096,1984,227,0,-73,154,46,255
26986632,2482,152,0,0,152,48,255
26989976,2493,151,0,-4,147,54,255
26993320,2505,149,0,-4,145,56,255
27009864,3536,-5,0,-160,-165,255,34
27013176,3564,-9,0,-11,-20,220,180
27016476,3528,-4,0,14,10,190,210
27029664,3747,-37,0,-76,-113,255,87
27032968,4041,-81,0,-117,-198,255,2
27036288,4353,-127,0,-124,-251,255,0
27052860,4500,-150,0,6,-144,255,57
27056160,4500,-150,0,0,-150,255,50
27059488,4518,-152,0,-7,-159,255,41
27076084,5039,-230,0,-24,-254,255,0
27079404,5126,-243,0,-34,-277,255,0
27082720,5172,-250,0,-18,-268,255,0
27095996,5103,-240,0,9,-231,255,0
27099316,5080,-237,0,9,-228,255,0
27102632,4913,-211,0,66,-145,255,55
27119200,4500,-150,0,7,-143,255,58
27122488,4500,-150,0,0,-150,255,50
27125820,4500,-150,0,0,-150,255,50
27142360,4191,-103,0,71,-32,232,168
27145664,3973,-70,0,87,17,184,216
27148980,3666,-24,0,122,98,103,255
27168752,3195,45,0,83,128,71,255
27172072,2840,99,0,142,241,0,255
27191904,2427,160,0,8,168,31,255
27195208,2249,187,0,71,258,0,255
27215128,1487,301,0,-5,296,0,255
27218432,1493,301,0,-2,299,0,255
27235012,1538,294,0,9,303,0,255
27238320,1512,298,0,10,308,0,255
27258172,1517,297,0,-4,293,0,255
27261528,1512,298,0,2,300,0,255
27281380,2049,217,0,-97,120,80,255
27284704,2229,190,0,-72,118,82,255
27304520,2499,150,0,-2,148,53,255
27307820,2586,137,0,-34,103,98,255
27324364,3557,-8,0,-2,-10,210,190
27327664,3524,-3,0,13,10,191,209
27347544,4360,-129,0,-19,-148,255,52
27350832,4165,-99,0,78,-21,221,179
27370792,5181,-252,0,-73,-325,255,0
27374100,5327,-274,0,-58,-332,255,0
27390716,5487,-298,0,2,-296,255,0
27394016,5501,-300,0,-5,-305,255,0
27413980,5492,-298,0,3,-295,255,0
27417276,5475,-296,0,6,-290,255,0
27437120,4623,-168,0,84,-84,255,116
27440416,4506,-150,0,46,-104,255,96
27460284,4238,-110,0,70,-40,240,160
27463588,4016,-77,0,88,11,189,211
27483484,3372,19,0,53,72,128,255
27486780,3131,55,0,96,151,49,255
27503396,2487,151,0,5,156,43,255
27506696,2449,157,0,15,172,28,255
27529868,1517,297,0,2,299,0,255
27533172,1511,298,0,2,300,0,255
27536480,1494,300,0,6,306,0,255
27549836,1837,249,0,-312,-63,255,137
27553164,2500,150,0,-265,-115,255,85
27573096,2657,126,0,-22,104,96,255
27576416,2980,78,0,-129,-51,251,149
27596364,2255,186,0,-82,104,97,255
27599668,2394,165,0,-55,110,90,255
27602968,2472,154,0,-31,123,77,255
27619444,2527,145,0,-11,134,66,255
27622744,2667,124,0,-56,68,132,255
27626056,2963,80,0,-118,-38,237,163
27639288,3540,-6,0,-8,-14,214,186
27642588,3534,-5,0,2,-3,202,198
27662416,4125,-93,0,-50,-143,255,56
27665732,4202,-105,0,-30,-135,255,64
27669048,4291,-118,0,-35,-153,255,46
27682288,4450,-142,0,-8,-150,255,49
27685592,4465,-144,0,-6,-150,255,50
27705432,4480,-147,0,-6,-153,255,47
27708732,4474,-146,0,2,-144,255,57
27728588,4278,-116,0,28,-88,255,112
27731908,4223,-108,0,22,-86,255,114
27735236,4148,-97,0,30,-67,255,133
27751868,3544,-6,0,18,12,189,211
27755188,3544,-6,0,0,-6,206,194
27758500,3536,-5,0,3,-2,202,198
27775000,3396,15,0,44,59,141,255
27778332,3366,20,0,12,32,168,232
27781664,3283,32,0,33,65,135,255
27794968,3364,20,0,14,34,166,234
27798284,3345,23,0,7,30,170,230
27801588,3359,21,0,-5,16,185,215
27821536,3388,16,0,-11,5,195,205
27824852,3401,14,0,-5,9,191,209
27828156,3457,6,0,-22,-16,215,185
27844784,3500,0,0,0,0,200,200
27848096,3500,0,0,0,0,200,200
27851412,3500,0,0,0,0,200,200
27864680,3500,0,0,0,0,200,200
27867996,3500,0,0,0,0,200,200
27871316,3500,0,0,0,0,200,200
27887900,3500,0,0,0,0,200,200
27891212,3500,0,0,0,0,200,200
27894528,3500,0,0,0,0,200,200
27911112,3500,0,0,0,0,200,200
27914432,3500,0,0,0,0,200,200
27917748,3500,0,0,0,0,200,200
27931016,3500,0,0,0,0,200,200
27934328,3500,0,0,0,0,200,200
27937644,3500,0,0,0,0,200,200
27954232,3500,0,0,0,0,200,200
27957548,3500,0,0,0,0,200,200
27960864,3500,0,0,0,0,200,200
27977448,3500,0,0,0,0,200,200
27980760,3500,0,0,0,0,200,200
27984084,3500,0,0,0,0,200,200
28000664,3500,0,0,0,0,200,200
28003980,3500,0,0,0,0,200,200
28007296,3500,0,0,0,0,200,200
28023884,3500,0,0,0,0,200,200
28027200,3500,0,0,0,0,200,200
28030516,3500,0,0,0,0,200,200
28043780,3500,0,0,0,0,200,200
28047096,3500,0,0,0,0,200,200
28050412,3500,0,0,0,0,200,200
28067000,3500,0,0,0,0,200,200
28070316,3500,0,0,0,0,200,200
28073632,3500,0,0,0,0,200,200
28090212,3500,0,0,0,0,200,200
28093532,3500,0,0,0,0,200,200
28096848,3500,0,0,0,0,200,200
28110116,3500,0,0,0,0,200,200
28113432,3500,0,0,0,0,200,200
28116748,3500,0,0,0,0,200,200
28136648,3500,0,0,0,0,200,200
28139964,3500,0,0,0,0,200,200
28143280,3500,0,0,0,0,200,200
